Line,Population,Treatment,Chromosome,Focal.Sex,Focal.Female.Death,Competitor.Female.Death,Lay.Ancestor.Death,Block,Offspring.Focal,Offspring.Competitor,Offspring.Female.Focal,Offspring.Female.Competitor,Not.Total.Fecundity,Male.Death,Error.Focal,Error.Competitor
1,ANCESTOR,BENIGN,T4,M,,,2,3,190,54,,,,,,
2,ANCESTOR,BENIGN,T4,M,,,1,3,62,136,,,,,,
3,ANCESTOR,BENIGN,T4,M,,,0,3,101,100,,,,,,
4,ANCESTOR,BENIGN,T4,M,,,4,3,84,119,,,,,,
5,ANCESTOR,BENIGN,T4,M,,,3,3,140,82,,,,,,
6,ANCESTOR,BENIGN,T4,M,,,1,3,73,77,,,,,,
7,ANCESTOR,BENIGN,T4,M,,,1,3,75,108,,,,,,
8,ANCESTOR,BENIGN,T4,M,,,0,3,119,40,,,,,,
9,ANCESTOR,BENIGN,T4,M,,,3,3,132,80,,,,,,
10,ANCESTOR,BENIGN,T4,M,,,0,3,122,70,,,,,,
1,ANCESTOR,HIGH,T4,M,,,3,3,164,57,,,,,,
2,ANCESTOR,HIGH,T4,M,,,3,3,123,70,,,,,,
3,ANCESTOR,HIGH,T4,M,,,4,3,77,98,,,,,,
4,ANCESTOR,HIGH,T4,M,,,2,3,184,35,,,,,,
5,ANCESTOR,HIGH,T4,M,,,2,3,126,78,,,,,,
6,ANCESTOR,HIGH,T4,M,,,2,3,113,65,,,,,,
7,ANCESTOR,HIGH,T4,M,,,0,3,225,121,,,,,,
8,ANCESTOR,HIGH,T4,M,,,5,3,54,80,,,,,,
9,ANCESTOR,HIGH,T4,M,,,3,3,102,93,,,,,,
10,ANCESTOR,HIGH,T4,M,,,1,3,168,120,,,,,,
1,ANCESTOR,BENIGN,T4,M,,,1,4,129,31,,,,3,,
2,ANCESTOR,BENIGN,T4,M,,,1,4,217,40,,,,3,,
3,ANCESTOR,BENIGN,T4,M,,,0,4,63,34,,,,2,,
4,ANCESTOR,BENIGN,T4,M,,,2,4,86,26,,,,2,,
5,ANCESTOR,BENIGN,T4,M,,,3,4,93,14,,,,2,,
6,ANCESTOR,BENIGN,T4,M,,,2,4,137,18,,,,0,,
7,ANCESTOR,BENIGN,T4,M,,,1,4,152,37,,,,0,,
8,ANCESTOR,BENIGN,T4,M,,,2,4,238,38,,,,3,,
9,ANCESTOR,BENIGN,T4,M,,,1,4,155,59,,,,3,,
10,ANCESTOR,BENIGN,T4,M,,,1,4,194,36,,,,4,,
11,ANCESTOR,BENIGN,T4,M,,,1,4,203,36,,,,4,,
12,ANCESTOR,BENIGN,T4,M,,,1,4,221,41,,,,2,,
13,ANCESTOR,BENIGN,T4,M,,,2,4,231,23,,,,3,,
14,ANCESTOR,BENIGN,T4,M,,,1,4,260,39,,,,6,,
15,ANCESTOR,BENIGN,T4,M,,,1,4,118,92,,,,3,,
16,ANCESTOR,BENIGN,T4,M,,,0,4,143,33,,,,2,,
17,ANCESTOR,BENIGN,T4,M,,,1,4,142,56,,,,3,,
18,ANCESTOR,BENIGN,T4,M,,,2,4,211,26,,,,4,,
19,ANCESTOR,BENIGN,T4,M,,,2,4,172,21,,,,3,,
20,ANCESTOR,BENIGN,T4,M,,,0,4,216,23,,,,4,,
1,ANCESTOR,HIGH,T4,M,,,3,5,271,7,,,,2,,
2,ANCESTOR,HIGH,T4,M,,,1,5,290,31,,,,1,,
3,ANCESTOR,HIGH,T4,M,,,1,5,273,34,,,,3,,
4,ANCESTOR,HIGH,T4,M,,,1,5,231,65,,,,1,,
5,ANCESTOR,HIGH,T4,M,,,2,5,184,95,,,,1,,
5,ANCESTOR,HIGH,T4,M,,,2,4,87,25,,,Y,4,,
6,ANCESTOR,HIGH,T4,M,,,4,5,199,16,,,,2,,
6,ANCESTOR,HIGH,T4,M,,,1,4,204,33,,,,2,,
7,ANCESTOR,HIGH,T4,M,,,1,5,247,33,,,,1,,
8,ANCESTOR,HIGH,T4,M,,,0,4,184,77,,,,6,,
8,ANCESTOR,HIGH,T4,M,,,2,5,143,138,,,,4,,
9,ANCESTOR,HIGH,T4,M,,,7,5,210,13,,,,1,,
10,ANCESTOR,HIGH,T4,M,,,1,4,185,49,,,,3,,
10,ANCESTOR,HIGH,T4,M,,,5,5,113,52,,,,2,,
11,ANCESTOR,HIGH,T4,M,,,2,5,243,24,,,,3,,
12,ANCESTOR,HIGH,T4,M,,,3,5,156,58,,,,0,,
13,ANCESTOR,HIGH,T4,M,,,0,5,245,46,,,,1,,
14,ANCESTOR,HIGH,T4,M,,,0,5,205,81,,,,2,,
14,ANCESTOR,HIGH,T4,M,,,0,4,285,53,,,,2,,
15,ANCESTOR,HIGH,T4,M,,,1,5,375,35,,,,2,,
15,ANCESTOR,HIGH,T4,M,,,3,4,201,24,,,,4,,
16,ANCESTOR,HIGH,T4,M,,,1,5,231,79,,,,1,,
16,ANCESTOR,HIGH,T4,M,,,0,4,274,36,,,,4,,
17,ANCESTOR,HIGH,T4,M,,,2,5,249,3,,,,0,,
17,ANCESTOR,HIGH,T4,M,,,0,4,217,19,,,,1,,
18,ANCESTOR,HIGH,T4,M,,,3,4,194,37,,,,2,,
19,ANCESTOR,HIGH,T4,M,,,2,4,179,42,,,,3,,
20,ANCESTOR,HIGH,T4,M,,,4,4,144,28,,,,4,,
1,ANCESTOR,HIGH,T4,F,6,6,,1,89,36,,,,,0,0
2,ANCESTOR,HIGH,T4,F,6,6,,1,53,35,,,,,0,0
3,ANCESTOR,HIGH,T4,F,6,6,,1,100,48,,,,,0,0
4,ANCESTOR,HIGH,T4,F,6,6,,1,88,37,,,,,0,0
5,ANCESTOR,HIGH,T4,F,6,6,,1,101,28,,,,,0,0
6,ANCESTOR,HIGH,T4,F,6,6,,1,78,38,40,22,,,0,0
7,ANCESTOR,HIGH,T4,F,6,6,,1,72,24,42,13,,,0,0
8,ANCESTOR,HIGH,T4,F,5,5,,1,69,23,34,12,,,0,0
9,ANCESTOR,HIGH,T4,F,6,5,,1,60,35,26,18,,,0,0
10,ANCESTOR,HIGH,T4,F,6,6,,1,67,24,34,11,,,0,0
11,ANCESTOR,HIGH,T4,F,6,6,,1,68,36,33,15,,,0,0
12,ANCESTOR,HIGH,T4,F,6,6,,1,95,58,48,31,,,0,0
13,ANCESTOR,HIGH,T4,F,6,6,,1,78,42,39,18,,,0,0
14,ANCESTOR,HIGH,T4,F,6,5,,1,108,54,58,32,,,0,0
15,ANCESTOR,HIGH,T4,F,6,6,,1,53,85,,,,,0,0
1,ANCESTOR,BENIGN,T4,F,6,6,,1,86,40,,,,,0,0
2,ANCESTOR,BENIGN,T4,F,6,6,,1,103,35,,,,,0,0
3,ANCESTOR,BENIGN,T4,F,6,6,,1,85,39,,,,,0,0
4,ANCESTOR,BENIGN,T4,F,6,5,,1,82,51,42,25,,,0,0
5,ANCESTOR,BENIGN,T4,F,6,6,,1,102,18,50,9,,,0,0
6,ANCESTOR,BENIGN,T4,F,6,6,,1,74,18,,,,,0,0
7,ANCESTOR,BENIGN,T4,F,6,6,,1,91,35,48,18,,,0,0
8,ANCESTOR,BENIGN,T4,F,6,6,,1,112,22,,,,,0,0
9,ANCESTOR,BENIGN,T4,F,5,6,,1,93,31,,,,,0,0
10,ANCESTOR,BENIGN,T4,F,6,6,,1,91,33,37,16,,,0,0
11,ANCESTOR,BENIGN,T4,F,6,6,,1,95,23,,,,,0,0
12,ANCESTOR,BENIGN,T4,F,6,6,,1,52,22,25,10,,,0,0
13,ANCESTOR,BENIGN,T4,F,6,6,,1,47,41,,,,,0,0
14,ANCESTOR,BENIGN,T4,F,6,6,,1,80,23,,,,,0,0
15,ANCESTOR,BENIGN,T4,F,6,6,,1,73,25,,,,,0,0
1,ANCESTOR,HIGH,T4,F,6,5,,2,128,43,,16,,,0,0
2,ANCESTOR,HIGH,T4,F,6,6,,2,107,24,56,15,,,0,0
3,ANCESTOR,HIGH,T4,F,6,6,,2,104,28,53,14,,,0,0
4,ANCESTOR,HIGH,T4,F,6,6,,2,94,38,46,21,,,0,0
5,ANCESTOR,HIGH,T4,F,6,6,,2,102,36,53,13,,,0,0
6,ANCESTOR,HIGH,T4,F,6,6,,2,62,14,31,11,,,0,0
7,ANCESTOR,HIGH,T4,F,6,6,,2,118,28,65,14,,,0,0
8,ANCESTOR,HIGH,T4,F,6,5,,2,106,16,58,10,,,0,0
9,ANCESTOR,HIGH,T4,F,6,5,,2,92,58,47,26,,,0,0
10,ANCESTOR,HIGH,T4,F,5,5,,2,98,39,47,20,,,0,0
11,ANCESTOR,HIGH,T4,F,6,6,,2,76,44,36,21,,,0,0
12,ANCESTOR,HIGH,T4,F,6,6,,2,67,24,34,11,,,0,0
13,ANCESTOR,HIGH,T4,F,6,6,,2,69,25,32,12,,,0,0
14,ANCESTOR,HIGH,T4,F,6,5,,2,107,27,60,15,,,0,0
15,ANCESTOR,HIGH,T4,F,6,6,,2,96,23,45,9,,,0,0
1,ANCESTOR,BENIGN,T4,F,6,6,,2,110,62,44,30,,,0,0
2,ANCESTOR,BENIGN,T4,F,6,6,,2,104,48,48,22,,,0,0
3,ANCESTOR,BENIGN,T4,F,6,6,,2,110,55,51,30,,,0,0
4,ANCESTOR,BENIGN,T4,F,6,6,,2,100,34,,18,,,0,0
5,ANCESTOR,BENIGN,T4,F,6,6,,2,103,24,41,13,,,0,0
6,ANCESTOR,BENIGN,T4,F,6,6,,2,55,27,30,10,,,0,0
7,ANCESTOR,BENIGN,T4,F,6,6,,2,68,22,35,9,,,0,0
8,ANCESTOR,BENIGN,T4,F,6,6,,2,83,54,38,30,,,0,0
9,ANCESTOR,BENIGN,T4,F,6,6,,2,75,25,36,10,,,0,0
10,ANCESTOR,BENIGN,T4,F,6,4,,2,110,23,56,11,,,0,0
11,ANCESTOR,BENIGN,T4,F,6,6,,2,109,27,57,13,,,0,0
12,ANCESTOR,BENIGN,T4,F,6,6,,2,96,33,66,14,,,0,0
13,ANCESTOR,BENIGN,T4,F,6,6,,2,71,65,35,33,,,0,0
14,ANCESTOR,BENIGN,T4,F,6,6,,2,98,67,,35,,,0,0
15,ANCESTOR,BENIGN,T4,F,6,6,,2,49,23,25,10,,,0,0
1,B1,BENIGN,ML,M,,,0,3,202,23,96,10,,,,
2,B1,BENIGN,ML,M,,,2,3,120,81,55,42,,,,
4,B1,BENIGN,ML,M,,,2,3,168,3,84,1,,,,
5,B1,BENIGN,ML,M,,,2,3,117,124,63,57,,,,
6,B1,BENIGN,ML,M,,,2,3,174,42,81,22,,,,
7,B1,BENIGN,ML,M,,,1,3,125,71,,,,,,
8,B1,BENIGN,ML,M,,,2,3,111,73,41,39,,,,
10,B1,BENIGN,ML,M,,,3,3,175,39,83,21,,,,
11,B1,BENIGN,ML,M,,,2,3,114,117,57,61,,,,
12,B1,BENIGN,ML,M,,,3,3,138,10,62,5,,,,
1,B1,BENIGN,FL,M,,,3,3,144,79,64,44,,,,
2,B1,BENIGN,FL,M,,,0,3,172,107,78,43,,,,
3,B1,BENIGN,FL,M,,,2,3,200,37,94,16,,,,
4,B1,BENIGN,FL,M,,,1,3,153,92,77,39,,,,
6,B1,BENIGN,FL,M,,,1,3,194,23,,,,,,
7,B1,BENIGN,FL,M,,,5,3,132,31,57,13,,,,
8,B1,BENIGN,FL,M,,,2,3,126,96,52,59,,,,
9,B1,BENIGN,FL,M,,,0,3,182,40,94,16,,,,
10,B1,BENIGN,FL,M,,,0,3,121,76,69,40,,,,
11,B1,BENIGN,FL,M,,,0,3,97,29,48,19,Y,,,
14,B1,BENIGN,ML,M,,,3,4,139,2,,,,3,,
15,B1,BENIGN,ML,M,,,3,4,109,32,,,,2,,
16,B1,BENIGN,ML,M,,,1,4,195,36,,,,2,,
19,B1,BENIGN,ML,M,,,1,4,231,5,,,,1,,
20,B1,BENIGN,ML,M,,,1,4,202,0,,,,3,,
22,B1,BENIGN,ML,M,,,0,4,264,5,,,,1,,
23,B1,BENIGN,ML,M,,,1,4,210,0,,,,2,,
24,B1,BENIGN,ML,M,,,0,4,195,67,,,,1,,
25,B1,BENIGN,ML,M,,,0,4,223,37,,,S,0,,
28,B1,BENIGN,ML,M,,,3,4,196,32,,,,0,,
31,B1,BENIGN,ML,M,,,0,4,188,3,,,,3,,
32,B1,BENIGN,ML,M,,,0,4,222,4,,,,6,,
34,B1,BENIGN,ML,M,,,0,4,280,18,,,,1,,
36,B1,BENIGN,ML,M,,,4,4,139,33,,,,1,,
37,B1,BENIGN,ML,M,,,1,4,164,18,,,,4,,
39,B1,BENIGN,ML,M,,,1,4,173,53,,,,2,,
40,B1,BENIGN,ML,M,,,1,4,143,48,,,,0,,
13,B1,BENIGN,FL,M,,,0,4,181,136,,,S,0,,
14,B1,BENIGN,FL,M,,,0,4,250,12,,,,4,,
15,B1,BENIGN,FL,M,,,2,4,247,6,,,,1,,
16,B1,BENIGN,FL,M,,,3,4,285,27,,,,7,,
17,B1,BENIGN,FL,M,,,1,4,205,113,,,,4,,
18,B1,BENIGN,FL,M,,,2,4,281,15,,,,0,,
19,B1,BENIGN,FL,M,,,0,4,236,13,,,,2,,
20,B1,BENIGN,FL,M,,,1,4,231,60,,,,4,,
21,B1,BENIGN,FL,M,,,0,4,194,12,,,,2,,
23,B1,BENIGN,FL,M,,,3,4,225,33,,,,3,,
25,B1,BENIGN,FL,M,,,4,4,194,7,,,,4,,
26,B1,BENIGN,FL,M,,,2,4,151,77,,,,4,,
27,B1,BENIGN,FL,M,,,2,4,165,39,,,,5,,
29,B1,BENIGN,FL,M,,,1,4,132,72,,,,1,,
30,B1,BENIGN,FL,M,,,1,4,181,71,,,,2,,
31,B1,BENIGN,FL,M,,,2,4,195,54,,,,2,,
33,B1,BENIGN,FL,M,,,2,4,211,7,,,,4,,
34,B1,BENIGN,FL,M,,,2,4,183,80,,,,2,,
36,B1,BENIGN,FL,M,,,1,4,173,70,,,,1,,
37,B1,BENIGN,FL,M,,,0,4,287,17,,,,1,,
38,B1,BENIGN,FL,M,,,0,4,176,31,,,,3,,
39,B1,BENIGN,FL,M,,,5,4,183,25,,,,4,,
1,B1,BENIGN,ML,F,6,6,,1,115,15,,,,,0,0
2,B1,BENIGN,ML,F,6,6,,1,34,17,,,,,0,0
4,B1,BENIGN,ML,F,6,6,,1,49,27,29,14,,,0,0
5,B1,BENIGN,ML,F,6,6,,1,82,14,38,9,,,0,0
6,B1,BENIGN,ML,F,5,6,,1,76,30,34,12,,,0,0
7,B1,BENIGN,ML,F,6,6,,1,106,48,47,22,,,0,0
8,B1,BENIGN,ML,F,6,6,,1,51,57,23,22,,,0,0
10,B1,BENIGN,ML,F,5,6,,1,88,31,44,14,,,0,0
11,B1,BENIGN,ML,F,6,6,,1,87,29,39,15,,,0,0
12,B1,BENIGN,ML,F,6,6,,1,104,57,43,24,,,0,0
14,B1,BENIGN,ML,F,6,6,,1,108,43,54,21,,,0,0
15,B1,BENIGN,ML,F,6,6,,1,79,59,38,30,,,0,0
16,B1,BENIGN,ML,F,6,6,,1,70,37,37,22,,,0,0
19,B1,BENIGN,ML,F,6,6,,1,48,32,28,17,,,0,0
20,B1,BENIGN,ML,F,6,6,,1,52,45,25,24,,,0,0
1,B1,BENIGN,FL,F,6,6,,1,52,13,26,9,,,0,0
2,B1,BENIGN,FL,F,6,6,,1,116,35,51,16,,,0,0
3,B1,BENIGN,FL,F,6,6,,1,101,44,50,24,,,0,0
4,B1,BENIGN,FL,F,5,6,,1,119,22,53,10,,,0,0
6,B1,BENIGN,FL,F,6,6,,1,108,49,58,25,,,0,0
7,B1,BENIGN,FL,F,6,6,,1,79,29,45,16,,,0,0
8,B1,BENIGN,FL,F,6,6,,1,105,52,56,29,,,0,0
9,B1,BENIGN,FL,F,6,6,,1,128,40,59,17,,,0,0
10,B1,BENIGN,FL,F,6,6,,1,82,38,45,15,,,0,0
11,B1,BENIGN,FL,F,6,6,,1,85,21,44,14,,,0,0
13,B1,BENIGN,FL,F,6,6,,1,79,24,40,15,,,0,0
14,B1,BENIGN,FL,F,6,6,,1,74,18,36,8,,,0,0
15,B1,BENIGN,FL,F,6,6,,1,120,17,66,11,,,0,0
16,B1,BENIGN,FL,F,6,6,,1,99,41,39,19,,,0,0
17,B1,BENIGN,FL,F,6,6,,1,110,50,54,28,,,0,0
18,B1,BENIGN,FL,F,6,6,,1,95,13,43,8,,,0,0
19,B1,BENIGN,FL,F,6,6,,1,84,42,43,21,,,0,0
22,B1,BENIGN,ML,F,6,6,,2,58,36,29,12,,,0,0
23,B1,BENIGN,ML,F,6,6,,2,73,57,37,30,,,0,0
24,B1,BENIGN,ML,F,6,6,,2,87,59,38,32,,,0,0
25,B1,BENIGN,ML,F,6,6,,2,114,39,55,23,,,0,0
28,B1,BENIGN,ML,F,6,6,,2,65,24,23,10,,,0,0
31,B1,BENIGN,ML,F,6,6,,2,87,61,38,31,,,0,0
32,B1,BENIGN,ML,F,6,6,,2,90,52,59,29,,,0,0
34,B1,BENIGN,ML,F,4,6,,2,57,30,30,13,,,0,0
36,B1,BENIGN,ML,F,6,4,,2,103,35,54,18,,,0,0
37,B1,BENIGN,ML,F,6,6,,2,107,25,47,17,,,0,0
39,B1,BENIGN,ML,F,6,6,,2,67,63,29,36,,,0,0
40,B1,BENIGN,ML,F,6,6,,2,79,34,44,15,,,0,0
20,B1,BENIGN,FL,F,6,6,,2,120,21,61,14,,,0,0
21,B1,BENIGN,FL,F,6,6,,2,115,38,58,18,,,0,0
23,B1,BENIGN,FL,F,4,6,,2,72,37,39,18,,,0,0
25,B1,BENIGN,FL,F,6,6,,2,113,61,49,30,,,0,0
26,B1,BENIGN,FL,F,6,6,,2,68,21,41,14,,,1,0
27,B1,BENIGN,FL,F,5,6,,2,78,22,40,9,,,0,0
29,B1,BENIGN,FL,F,5,6,,2,84,43,48,24,,,0,0
30,B1,BENIGN,FL,F,6,5,,2,92,41,37,18,,,0,0
31,B1,BENIGN,FL,F,6,6,,2,123,42,64,24,,,0,0
33,B1,BENIGN,FL,F,6,5,,2,91,44,45,23,,,0,0
34,B1,BENIGN,FL,F,6,6,,2,89,32,48,17,,,0,0
36,B1,BENIGN,FL,F,6,6,,2,118,25,61,18,,,0,0
37,B1,BENIGN,FL,F,6,6,,2,76,44,39,18,,,0,0
38,B1,BENIGN,FL,F,6,6,,2,95,10,51,6,,,0,0
39,B1,BENIGN,FL,F,6,6,,2,68,45,48,23,,,0,0
1,B2,BENIGN,ML,M,,,1,3,142,48,77,23,,,,
2,B2,BENIGN,ML,M,,,2,3,90,117,,,,,,
3,B2,BENIGN,ML,M,,,1,3,142,72,,,,,,
7,B2,BENIGN,ML,M,,,2,3,73,134,,,,,,
9,B2,BENIGN,ML,M,,,2,3,69,122,,,,,,
11,B2,BENIGN,ML,M,,,4,3,102,17,,,,,,
12,B2,BENIGN,ML,M,,,2,3,48,80,,,,,,
13,B2,BENIGN,ML,M,,,2,3,88,41,,,,,,
14,B2,BENIGN,ML,M,,,2,3,53,21,,,,,,
1,B2,BENIGN,FL,M,,,2,3,173,51,87,27,,,,
2,B2,BENIGN,FL,M,,,0,3,118,76,,,,,,
3,B2,BENIGN,FL,M,,,3,3,198,31,,,,,,
5,B2,BENIGN,FL,M,,,3,3,189,21,,,,,,
8,B2,BENIGN,FL,M,,,2,3,168,56,,,,,,
9,B2,BENIGN,FL,M,,,3,3,129,32,,,,,,
10,B2,BENIGN,FL,M,,,2,3,172,18,,,Y,,,
12,B2,BENIGN,FL,M,,,3,3,112,67,,,,,,
13,B2,BENIGN,FL,M,,,3,3,142,51,,,,,,
40,B2,BENIGN,FL,M,,,2,3,104,8,,,Y,,,
7,B2,BENIGN,FL,M,,,2,4,141,49,,,,2,,
14,B2,BENIGN,FL,M,,,1,4,201,21,,,,5,,
15,B2,BENIGN,FL,M,,,2,4,204,13,,,,4,,
16,B2,BENIGN,FL,M,,,2,4,99,69,,,,0,,
18,B2,BENIGN,FL,M,,,1,4,119,69,,,,0,,
19,B2,BENIGN,FL,M,,,2,4,140,48,,,,2,,
21,B2,BENIGN,FL,M,,,0,4,127,100,,,,0,,
22,B2,BENIGN,FL,M,,,4,4,186,0,,,,2,,
23,B2,BENIGN,FL,M,,,1,4,103,79,,,,3,,
26,B2,BENIGN,FL,M,,,2,4,164,67,,,,1,,
27,B2,BENIGN,FL,M,,,0,4,202,12,,,,6,,
29,B2,BENIGN,FL,M,,,0,4,166,19,,,,2,,
31,B2,BENIGN,FL,M,,,0,4,181,8,,,,4,,
32,B2,BENIGN,FL,M,,,2,4,174,2,,,S,4,,
33,B2,BENIGN,FL,M,,,0,4,167,18,,,S,2,,
35,B2,BENIGN,FL,M,,,2,4,135,55,,,,3,,
36,B2,BENIGN,FL,M,,,1,4,105,84,,,,0,,
37,B2,BENIGN,FL,M,,,2,4,173,18,,,,0,,
38,B2,BENIGN,FL,M,,,2,4,212,2,,,,1,,
39,B2,BENIGN,FL,M,,,1,4,134,13,,,,0,,
16,B2,BENIGN,ML,M,,,4,4,99,8,,,,6,,
17,B2,BENIGN,ML,M,,,3,4,94,55,,,,2,,
18,B2,BENIGN,ML,M,,,1,4,105,17,,,,2,,
19,B2,BENIGN,ML,M,,,0,4,97,44,,,,4,,
21,B2,BENIGN,ML,M,,,1,4,191,13,,,,2,,
22,B2,BENIGN,ML,M,,,3,4,78,42,,,,2,,
23,B2,BENIGN,ML,M,,,0,4,59,20,,,,4,,
24,B2,BENIGN,ML,M,,,3,4,113,58,,,,4,,
28,B2,BENIGN,ML,M,,,3,4,136,58,,,Y,1,,
29,B2,BENIGN,ML,M,,,2,4,122,109,,,,1,,
30,B2,BENIGN,ML,M,,,2,4,112,73,,,S,4,,
31,B2,BENIGN,ML,M,,,0,4,211,7,,,,1,,
32,B2,BENIGN,ML,M,,,0,4,188,26,,,,1,,
33,B2,BENIGN,ML,M,,,1,4,187,14,,,,1,,
35,B2,BENIGN,ML,M,,,1,4,272,1,,,,1,,
36,B2,BENIGN,ML,M,,,0,4,194,16,,,,2,,
39,B2,BENIGN,ML,M,,,1,4,103,6,,,,3,,
40,B2,BENIGN,ML,M,,,1,4,184,5,,,,0,,
1,B2,BENIGN,ML,F,6,6,,1,70,18,35,9,,,0,0
3,B2,BENIGN,ML,F,6,6,,1,79,27,39,16,,,0,0
4,B2,BENIGN,ML,F,6,6,,1,65,17,26,7,,,0,0
7,B2,BENIGN,ML,F,6,6,,1,88,22,48,12,,,0,0
9,B2,BENIGN,ML,F,6,6,,1,72,18,36,10,,,0,0
11,B2,BENIGN,ML,F,6,6,,1,91,25,40,12,,,0,0
12,B2,BENIGN,ML,F,6,6,,1,83,9,40,4,,,0,0
13,B2,BENIGN,ML,F,6,6,,1,113,16,45,7,,,0,0
14,B2,BENIGN,ML,F,6,6,,1,87,49,46,23,,,0,0
16,B2,BENIGN,ML,F,6,6,,1,83,28,39,16,,,0,0
17,B2,BENIGN,ML,F,6,6,,1,97,39,42,18,,,0,0
18,B2,BENIGN,ML,F,6,6,,1,79,27,,,,,0,0
19,B2,BENIGN,ML,F,6,6,,1,61,14,,,,,0,0
21,B2,BENIGN,ML,F,6,6,,1,27,6,,,,,0,0
1,B2,BENIGN,FL,F,6,6,,1,58,14,27,14,,,0,0
2,B2,BENIGN,FL,F,6,6,,1,113,15,52,15,,,0,0
3,B2,BENIGN,FL,F,6,5,,1,117,11,53,11,,,0,0
5,B2,BENIGN,FL,F,6,6,,1,81,18,45,18,,,0,0
7,B2,BENIGN,FL,F,6,6,,1,123,17,58,16,,,0,0
8,B2,BENIGN,FL,F,6,6,,1,73,23,33,10,,,0,0
9,B2,BENIGN,FL,F,6,6,,1,86,10,38,5,,,0,0
10,B2,BENIGN,FL,F,6,6,,1,76,19,40,9,,,0,0
12,B2,BENIGN,FL,F,6,6,,1,74,21,38,13,,,0,0
13,B2,BENIGN,FL,F,6,6,,1,109,30,54,18,,,0,0
14,B2,BENIGN,FL,F,6,6,,1,56,33,40,19,,,1,0
15,B2,BENIGN,FL,F,6,6,,1,101,21,49,10,,,0,0
16,B2,BENIGN,FL,F,6,6,,1,159,14,85,9,,,0,0
18,B2,BENIGN,FL,F,6,6,,1,103,25,46,11,,,0,0
19,B2,BENIGN,FL,F,6,6,,1,101,35,53,18,,,0,0
21,B2,BENIGN,FL,F,6,6,,1,94,23,44,10,,,0,0
2,B2,BENIGN,ML,F,5,5,,2,75,43,45,21,,,0,0
22,B2,BENIGN,ML,F,6,6,,2,114,51,57,25,,,0,0
23,B2,BENIGN,ML,F,6,5,,2,105,27,60,19,,,0,0
24,B2,BENIGN,ML,F,6,6,,2,52,59,24,30,,,0,0
28,B2,BENIGN,ML,F,6,6,,2,79,42,38,23,,,0,0
29,B2,BENIGN,ML,F,6,6,,2,72,75,38,39,,,0,0
30,B2,BENIGN,ML,F,6,6,,2,85,82,41,48,,,0,0
31,B2,BENIGN,ML,F,5,5,,2,80,58,34,29,,,0,0
32,B2,BENIGN,ML,F,6,5,,2,107,37,49,21,,,0,0
33,B2,BENIGN,ML,F,6,6,,2,82,79,39,40,,,0,0
35,B2,BENIGN,ML,F,6,6,,2,63,60,30,30,,,0,0
36,B2,BENIGN,ML,F,6,6,,2,95,50,50,29,,,0,0
39,B2,BENIGN,ML,F,6,5,,2,106,39,56,17,,,0,0
40,B2,BENIGN,ML,F,6,6,,2,58,31,22,20,,,0,0
22,B2,BENIGN,FL,F,6,6,,2,97,53,53,27,,,0,0
23,B2,BENIGN,FL,F,6,6,,2,100,44,51,30,,,0,0
24,B2,BENIGN,FL,F,5,6,,2,106,66,58,38,,,0,0
26,B2,BENIGN,FL,F,6,6,,2,48,29,24,13,,,0,0
27,B2,BENIGN,FL,F,6,6,,2,83,53,42,34,,,0,0
29,B2,BENIGN,FL,F,6,6,,2,89,49,47,23,,,0,0
31,B2,BENIGN,FL,F,6,6,,2,112,58,53,33,,,0,0
32,B2,BENIGN,FL,F,6,6,,2,99,52,51,28,,,0,0
33,B2,BENIGN,FL,F,6,6,,2,93,53,44,26,,,0,0
35,B2,BENIGN,FL,F,6,6,,2,85,64,35,30,,,0,0
36,B2,BENIGN,FL,F,5,6,,2,63,34,33,20,,,0,0
37,B2,BENIGN,FL,F,5,5,,2,128,40,66,20,,,0,0
38,B2,BENIGN,FL,F,6,6,,2,90,63,57,47,,,0,0
39,B2,BENIGN,FL,F,6,6,,2,117,9,51,5,,,0,0
40,B2,BENIGN,FL,F,6,6,,2,83,63,37,34,,,0,0
1,B3,BENIGN,FL,M,,,1,3,120,89,,,,,,
4,B3,BENIGN,FL,M,,,4,3,170,19,,,,,,
5,B3,BENIGN,FL,M,,,0,3,167,104,,,,,,
6,B3,BENIGN,FL,M,,,0,3,229,45,,,,,,
7,B3,BENIGN,FL,M,,,0,3,79,81,,,,,,
8,B3,BENIGN,FL,M,,,1,3,131,65,,,,,,
10,B3,BENIGN,FL,M,,,2,3,174,102,,,,,,
11,B3,BENIGN,FL,M,,,1,3,119,114,,,,,,
12,B3,BENIGN,FL,M,,,2,3,142,108,,,,,,
1,B3,BENIGN,ML,M,,,1,3,135,52,,,,,,
3,B3,BENIGN,ML,M,,,2,3,158,55,,,,,,
4,B3,BENIGN,ML,M,,,5,3,91,94,,,,,,
5,B3,BENIGN,ML,M,,,4,3,102,86,,,,,,
6,B3,BENIGN,ML,M,,,1,3,191,64,,,,,,
8,B3,BENIGN,ML,M,,,1,3,129,73,,,,,,
9,B3,BENIGN,ML,M,,,0,3,127,70,,,,,,
13,B3,BENIGN,ML,M,,,2,3,115,88,,,,,,
15,B3,BENIGN,ML,M,,,1,3,169,75,,,,,,
16,B3,BENIGN,ML,M,,,0,3,178,76,,,,,,
9,B3,BENIGN,FL,M,,,0,4,257,10,,,,5,,
14,B3,BENIGN,FL,M,,,1,4,219,57,,,,4,,
18,B3,BENIGN,FL,M,,,1,4,241,3,,,,5,,
20,B3,BENIGN,FL,M,,,1,4,163,30,,,,3,,
21,B3,BENIGN,FL,M,,,2,4,256,0,,,,6,,
25,B3,BENIGN,FL,M,,,0,4,217,81,,,,3,,
26,B3,BENIGN,FL,M,,,2,4,211,4,,,,4,,
27,B3,BENIGN,FL,M,,,0,4,227,5,,,,4,,
28,B3,BENIGN,FL,M,,,2,4,189,42,,,,0,,
29,B3,BENIGN,FL,M,,,0,4,244,50,,,,2,,
30,B3,BENIGN,FL,M,,,2,4,230,42,,,,1,,
32,B3,BENIGN,FL,M,,,3,4,230,17,,,,2,,
33,B3,BENIGN,FL,M,,,1,4,197,5,,,,3,,
34,B3,BENIGN,FL,M,,,1,4,199,57,,,,5,,
35,B3,BENIGN,FL,M,,,1,4,232,17,,,,4,,
36,B3,BENIGN,FL,M,,,1,4,293,33,,,,4,,
37,B3,BENIGN,FL,M,,,3,4,182,29,,,,3,,
38,B3,BENIGN,FL,M,,,0,4,255,39,,,,3,,
39,B3,BENIGN,FL,M,,,1,4,268,14,,,,1,,
40,B3,BENIGN,FL,M,,,2,4,129,59,,,,1,,
17,B3,BENIGN,ML,M,,,1,4,260,25,,,,3,,
18,B3,BENIGN,ML,M,,,3,4,210,4,,,,5,,
23,B3,BENIGN,ML,M,,,1,4,167,6,,,,5,,
24,B3,BENIGN,ML,M,,,2,4,228,3,,,,4,,
25,B3,BENIGN,ML,M,,,2,4,181,50,,,,2,,
26,B3,BENIGN,ML,M,,,3,4,213,42,,,,1,,
27,B3,BENIGN,ML,M,,,0,4,214,0,,,,2,,
28,B3,BENIGN,ML,M,,,0,4,244,10,,,,1,,
29,B3,BENIGN,ML,M,,,1,4,253,74,,,,2,,
30,B3,BENIGN,ML,M,,,1,4,180,74,,,,4,,
31,B3,BENIGN,ML,M,,,1,4,217,33,,,,0,,
32,B3,BENIGN,ML,M,,,2,4,292,8,,,,3,,
33,B3,BENIGN,ML,M,,,1,4,210,14,,,,1,,
34,B3,BENIGN,ML,M,,,3,4,180,26,,,,2,,
35,B3,BENIGN,ML,M,,,2,4,260,20,,,,4,,
36,B3,BENIGN,ML,M,,,0,4,248,27,,,,3,,
37,B3,BENIGN,ML,M,,,1,4,263,8,,,,4,,
38,B3,BENIGN,ML,M,,,3,4,234,9,,,,3,,
40,B3,BENIGN,ML,M,,,1,4,275,18,,,,0,,
41,B3,BENIGN,ML,M,,,2,4,186,33,,,,2,,
44,B3,BENIGN,ML,M,,,0,4,195,3,,,,5,,
45,B3,BENIGN,ML,M,,,4,4,164,13,,,,4,,
46,B3,BENIGN,ML,M,,,1,4,195,47,,,,2,,
1,B3,BENIGN,ML,F,6,6,,1,76,32,,,,,0,0
4,B3,BENIGN,ML,F,6,6,,1,101,50,,,,,0,0
5,B3,BENIGN,ML,F,5,6,,1,81,40,,,,,0,0
6,B3,BENIGN,ML,F,6,6,,1,80,36,,,,,0,0
8,B3,BENIGN,ML,F,6,6,,1,80,62,,,,,0,0
9,B3,BENIGN,ML,F,6,6,,1,40,28,,,,,0,0
13,B3,BENIGN,ML,F,6,6,,1,92,52,,,,,0,0
15,B3,BENIGN,ML,F,6,6,,1,125,36,,,,,0,0
16,B3,BENIGN,ML,F,6,6,,1,103,37,,,,,0,0
23,B3,BENIGN,ML,F,6,6,,1,84,36,,,,,0,0
24,B3,BENIGN,ML,F,6,6,,1,70,34,,,,,0,0
26,B3,BENIGN,ML,F,6,6,,1,101,18,,,,,0,0
27,B3,BENIGN,ML,F,6,6,,1,91,27,,,,,0,0
28,B3,BENIGN,ML,F,6,6,,1,100,37,,,,,0,0
29,B3,BENIGN,ML,F,6,6,,1,111,24,,,,,0,0
30,B3,BENIGN,ML,F,6,6,,1,104,29,,,,,0,0
31,B3,BENIGN,ML,F,6,6,,1,95,28,,,,,0,0
4,B3,BENIGN,FL,F,6,6,,1,78,25,,,,,0,0
5,B3,BENIGN,FL,F,6,6,,1,123,38,,,,,0,0
6,B3,BENIGN,FL,F,6,6,,1,85,29,,,,,0,0
7,B3,BENIGN,FL,F,6,6,,1,83,43,,,,,0,0
8,B3,BENIGN,FL,F,6,6,,1,67,17,,,,,0,0
9,B3,BENIGN,FL,F,6,6,,1,117,22,,,,,0,0
10,B3,BENIGN,FL,F,6,6,,1,75,44,,,,,0,0
11,B3,BENIGN,FL,F,6,6,,1,79,37,,,,,0,0
12,B3,BENIGN,FL,F,6,6,,1,126,22,61,10,,,0,0
14,B3,BENIGN,FL,F,6,6,,1,90,35,49,19,,,0,0
20,B3,BENIGN,FL,F,6,6,,1,106,33,51,13,,,0,0
21,B3,BENIGN,FL,F,6,6,,1,115,36,60,18,,,0,0
25,B3,BENIGN,FL,F,6,6,,1,88,34,36,23,,,0,0
26,B3,BENIGN,FL,F,6,6,,1,103,49,48,23,,,0,0
27,B3,BENIGN,FL,F,6,6,,1,71,26,42,17,,,0,0
13,B3,BENIGN,ML,F,5,5,,2,29,18,15,8,,,0,0
17,B3,BENIGN,ML,F,5,6,,2,65,17,36,8,,,0,0
18,B3,BENIGN,ML,F,6,6,,2,106,44,50,26,,,0,0
24,B3,BENIGN,ML,F,6,6,,2,97,34,46,17,,,0,0
25,B3,BENIGN,ML,F,6,6,,2,106,60,44,28,,,0,0
32,B3,BENIGN,ML,F,6,6,,2,110,26,,18,,,0,0
33,B3,BENIGN,ML,F,6,6,,2,111,19,63,8,,,0,0
34,B3,BENIGN,ML,F,6,6,,2,90,25,48,11,,,0,0
35,B3,BENIGN,ML,F,6,6,,2,122,35,59,22,,,0,1
36,B3,BENIGN,ML,F,6,6,,2,90,70,47,38,,,0,0
37,B3,BENIGN,ML,F,6,6,,2,92,75,39,37,,,0,0
38,B3,BENIGN,ML,F,6,6,,2,41,73,21,32,,,0,0
40,B3,BENIGN,ML,F,6,6,,2,93,34,40,16,,,0,1
41,B3,BENIGN,ML,F,6,6,,2,82,65,38,29,,,0,0
44,B3,BENIGN,ML,F,6,6,,2,77,66,37,34,,,0,0
46,B3,BENIGN,ML,F,6,6,,2,85,31,36,22,,,0,0
1,B3,BENIGN,FL,F,6,6,,2,139,17,69,6,,,0,0
18,B3,BENIGN,FL,F,6,6,,2,103,27,50,13,,,0,0
28,B3,BENIGN,FL,F,6,6,,2,101,48,54,23,,,0,0
29,B3,BENIGN,FL,F,6,6,,2,114,34,56,23,,,0,0
30,B3,BENIGN,FL,F,6,6,,2,123,22,59,15,,,0,0
32,B3,BENIGN,FL,F,6,6,,2,124,27,67,17,,,1,0
33,B3,BENIGN,FL,F,6,6,,2,108,19,53,10,,,0,0
34,B3,BENIGN,FL,F,6,5,,2,129,10,65,5,,,0,0
35,B3,BENIGN,FL,F,6,4,,2,138,4,64,3,,,0,0
36,B3,BENIGN,FL,F,6,5,,2,101,51,,27,,,0,0
37,B3,BENIGN,FL,F,6,6,,2,99,11,,4,,,0,0
38,B3,BENIGN,FL,F,6,6,,2,102,63,54,33,,,0,0
39,B3,BENIGN,FL,F,6,6,,2,103,42,52,33,,,0,0
40,B3,BENIGN,FL,F,6,6,,2,101,38,36,19,,,0,0
2,H1,HIGH,ML,M,,,2,3,147,85,,,,,,
3,H1,HIGH,ML,M,,,1,3,222,47,,,,,,
4,H1,HIGH,ML,M,,,1,3,203,41,,,,,,
5,H1,HIGH,ML,M,,,2,3,141,54,,,,,,
6,H1,HIGH,ML,M,,,4,3,121,35,,,,,,
7,H1,HIGH,ML,M,,,1,3,172,45,,,,,,
8,H1,HIGH,ML,M,,,6,3,97,21,,,,,,
9,H1,HIGH,ML,M,,,2,3,112,54,,,,,,
10,H1,HIGH,ML,M,,,3,3,135,23,,,,,,
15,H1,HIGH,ML,M,,,1,3,99,64,,,,,,
2,H1,HIGH,FL,M,,,3,3,108,42,,,,,,
3,H1,HIGH,FL,M,,,4,3,116,88,,,,,,
5,H1,HIGH,FL,M,,,3,3,146,10,,,,,,
8,H1,HIGH,FL,M,,,0,3,143,62,,,,,,
9,H1,HIGH,FL,M,,,0,3,124,103,,,,,,
11,H1,HIGH,FL,M,,,2,3,145,28,,,,,,
12,H1,HIGH,FL,M,,,0,3,162,46,,,,,,
12.5,H1,HIGH,FL,M,,,2,3,89,48,,,,,,
14,H1,HIGH,FL,M,,,3,3,148,17,,,,,,
37,H1,HIGH,FL,M,,,1,3,114,101,,,,,,
15,H1,HIGH,FL,M,,,1,5,166,12,,,,1,,
16,H1,HIGH,FL,M,,,7,5,128,11,,,,1,,
17,H1,HIGH,FL,M,,,3,5,242,13,,,,0,,
18,H1,HIGH,FL,M,,,2,4,182,36,,,,1,,
19,H1,HIGH,FL,M,,,2,5,112,93,,,,3,,
20,H1,HIGH,FL,M,,,2,4,257,47,,,,2,,
21,H1,HIGH,FL,M,,,2,4,211,7,,,,4,,
22,H1,HIGH,FL,M,,,4,5,238,0,,,,0,,
23,H1,HIGH,FL,M,,,1,5,195,184,,,,2,,
24,H1,HIGH,FL,M,,,1,5,222,70,,,,1,,
25,H1,HIGH,FL,M,,,0,5,182,85,,,,2,,
26,H1,HIGH,FL,M,,,1,5,183,112,,,,1,,
27,H1,HIGH,FL,M,,,3,5,128,70,,,,0,,
28,H1,HIGH,FL,M,,,3,5,142,49,,,,0,,
29,H1,HIGH,FL,M,,,6,5,144,13,,,,0,,
30,H1,HIGH,FL,M,,,1,5,201,75,,,,0,,
31,H1,HIGH,FL,M,,,1,5,252,60,,,,0,,
33,H1,HIGH,FL,M,,,0,5,212,80,,,,3,,
35,H1,HIGH,FL,M,,,1,5,185,28,,,,1,,
36,H1,HIGH,FL,M,,,9,5,161,111,,,,,,
1,H1,HIGH,ML,M,,,5,5,106,4,,,,0,,
12,H1,HIGH,ML,M,,,4,5,181,16,,,,2,,
14,H1,HIGH,ML,M,,,5,5,148,26,,,,0,,
16,H1,HIGH,ML,M,,,5,5,206,2,,,,1,,
17,H1,HIGH,ML,M,,,2,5,194,61,,,,0,,
18,H1,HIGH,ML,M,,,1,5,268,66,,,,1,,
19,H1,HIGH,ML,M,,,5,5,169,5,,,,0,,
21,H1,HIGH,ML,M,,,2,5,219,18,,,,1,,
22,H1,HIGH,ML,M,,,3,5,206,17,,,,1,,
23,H1,HIGH,ML,M,,,3,5,221,2,,,,2,,
24,H1,HIGH,ML,M,,,0,4,147,75,,,,1,,
25,H1,HIGH,ML,M,,,2,5,154,55,,,,2,,
26,H1,HIGH,ML,M,,,2,5,186,19,,,,0,,
27,H1,HIGH,ML,M,,,3,5,155,55,,,,0,,
28,H1,HIGH,ML,M,,,3,5,139,44,,,,0,,
29,H1,HIGH,ML,M,,,2,5,116,81,,,,1,,
32,H1,HIGH,FL,M,,,4,5,193,62,,,,1,,
33,H1,HIGH,ML,M,,,1,5,161,67,,,,1,,
34,H1,HIGH,ML,M,,,3,5,137,129,,,,0,,
35,H1,HIGH,ML,M,,,1,5,186,57,,,,2,,
36,H1,HIGH,ML,M,,,1,5,161,74,,,,2,,
38,H1,HIGH,ML,M,,,3,4,245,0,,,,1,,
2,H1,HIGH,FL,F,6,6,,1,31,11,,,,,0,0
3,H1,HIGH,FL,F,6,6,,1,74,15,,,,,0,0
5,H1,HIGH,FL,F,6,6,,1,73,20,,,,,0,0
8,H1,HIGH,FL,F,6,6,,2,91,33,55,21,,,0,0
9,H1,HIGH,FL,F,6,6,,1,40,15,,,,,0,0
11,H1,HIGH,FL,F,6,6,,1,41,21,,,,,0,0
12,H1,HIGH,FL,F,6,6,,1,73,12,,,,,0,0
13,H1,HIGH,FL,F,6,5,,2,109,5,52,3,,,0,0
14,H1,HIGH,FL,F,6,6,,1,78,23,,,,,0,0
15,H1,HIGH,FL,F,6,6,,2,32,15,14,11,,,0,0
16,H1,HIGH,FL,F,6,6,,1,81,22,,,,,0,0
17,H1,HIGH,FL,F,5,6,,1,79,30,,,,,0,0
18,H1,HIGH,FL,F,6,6,,1,59,19,,,,,0,0
19,H1,HIGH,FL,F,5,6,,1,65,38,,,,,0,0
20,H1,HIGH,FL,F,6,6,,1,111,16,,,,,0,0
21,H1,HIGH,FL,F,6,6,,1,80,39,37,19,,,0,0
22,H1,HIGH,FL,F,6,6,,1,51,36,26,18,,,1,0
23,H1,HIGH,FL,F,6,6,,1,49,33,26,17,,,0,0
24,H1,HIGH,FL,F,6,6,,1,113,31,60,15,,,0,0
25,H1,HIGH,FL,F,6,6,,1,97,38,54,22,,,0,0
26,H1,HIGH,FL,F,6,6,,2,132,16,70,6,,,0,0
27,H1,HIGH,FL,F,6,6,,2,30,18,18,7,,,0,0
28,H1,HIGH,FL,F,6,6,,2,78,30,38,17,,,0,0
29,H1,HIGH,FL,F,6,5,,2,106,26,64,16,,,0,0
30,H1,HIGH,FL,F,5,5,,2,53,28,26,12,,,0,0
31,H1,HIGH,FL,F,6,4,,2,126,9,70,2,,,0,0
32,H1,HIGH,FL,F,6,6,,2,112,28,52,17,,,0,0
33,H1,HIGH,FL,F,3,6,,2,69,62,37,37,,,0,0
35,H1,HIGH,FL,F,4,6,,2,59,12,30,5,,,0,0
36,H1,HIGH,FL,F,6,6,,2,54,18,29,7,,,0,0
37,H1,HIGH,FL,F,6,6,,2,109,34,57,17,,,0,0
1,H1,HIGH,ML,F,6,6,,1,69,57,,,,,0,0
3,H1,HIGH,ML,F,6,6,,1,59,25,,,,,0,0
5,H1,HIGH,ML,F,6,6,,1,53,22,,,,,0,0
7,H1,HIGH,ML,F,6,6,,1,72,26,,,,,0,0
8,H1,HIGH,ML,F,6,6,,1,85,21,,,,,0,0
9,H1,HIGH,ML,F,6,6,,1,56,24,,,,,0,0
10,H1,HIGH,ML,F,6,6,,1,86,27,,,,,0,0
12,H1,HIGH,ML,F,6,6,,1,72,27,,,,,0,0
14,H1,HIGH,ML,F,6,5,,1,76,14,,,,,0,0
15,H1,HIGH,ML,F,6,5,,1,65,23,,,,,0,0
16,H1,HIGH,ML,F,6,6,,1,54,23,,,,,0,0
17,H1,HIGH,ML,F,6,6,,1,73,22,,,,,0,0
18,H1,HIGH,ML,F,6,5,,1,92,14,,,,,0,0
19,H1,HIGH,ML,F,6,6,,1,49,35,,,,,0,0
22,H1,HIGH,ML,F,6,6,,1,122,12,,,,,0,0
23,H1,HIGH,ML,F,6,6,,1,30,23,,,,,0,0
2,H1,HIGH,ML,F,6,6,,2,53,32,27,19,,,0,0
6,H1,HIGH,ML,F,6,6,,2,109,18,62,6,,,0,0
11,H1,HIGH,ML,F,6,6,,2,71,31,32,13,,,0,0
24,H1,HIGH,ML,F,6,5,,2,76,22,38,13,,,0,0
25,H1,HIGH,ML,F,5,5,,2,101,29,55,24,,,0,0
26,H1,HIGH,ML,F,6,4,,2,97,35,53,15,,,0,0
27,H1,HIGH,ML,F,6,6,,2,82,37,44,13,,,0,0
28,H1,HIGH,ML,F,6,6,,2,99,22,53,11,,,0,0
29,H1,HIGH,ML,F,6,6,,2,89,27,33,11,,,0,0
31,H1,HIGH,ML,F,5,5,,2,112,18,41,6,,,0,0
33,H1,HIGH,ML,F,6,5,,2,103,29,37,11,,,0,0
34,H1,HIGH,ML,F,6,6,,2,160,55,54,22,,,0,0
35,H1,HIGH,ML,F,6,6,,2,119,40,36,12,,,0,0
36,H1,HIGH,ML,F,6,4,,2,108,18,41,6,,,0,0
38,H1,HIGH,ML,F,6,6,,2,128,51,44,14,,,0,0
2,H2,HIGH,ML,M,,,9,3,78,7,,,,,,
3,H2,HIGH,ML,M,,,2,3,145,49,,,,,,
7,H2,HIGH,ML,M,,,3,3,115,46,,,,,,
8,H2,HIGH,ML,M,,,2,3,162,37,,,,,,
9,H2,HIGH,ML,M,,,2,3,188,6,,,,,,
10,H2,HIGH,ML,M,,,1,3,92,73,,,,,,
11,H2,HIGH,ML,M,,,3,3,112,44,,,,,,
12,H2,HIGH,ML,M,,,0,3,97,75,,,,,,
13,H2,HIGH,ML,M,,,2,3,119,11,,,,,,
14,H2,HIGH,ML,M,,,1,3,136,12,,,,,,
1,H2,HIGH,FL,M,,,3,3,136,75,,,,,,
2,H2,HIGH,FL,M,,,0,3,243,30,,,,,,
3,H2,HIGH,FL,M,,,2,3,203,37,,,,,,
5,H2,HIGH,FL,M,,,2,3,104,97,,,,,,
6,H2,HIGH,FL,M,,,4,3,173,13,,,,,,
7,H2,HIGH,FL,M,,,0,3,146,45,,,,,,
8,H2,HIGH,FL,M,,,3,3,113,72,,,,,,
9,H2,HIGH,FL,M,,,1,3,185,23,,,,,,
11,H2,HIGH,FL,M,,,0,3,107,121,,,,,,
12,H2,HIGH,FL,M,,,1,3,119,97,,,,,,
15,H2,HIGH,ML,M,,,1,4,255,3,,,,3,,
16,H2,HIGH,ML,M,,,5,5,104,78,,,,1,,
17,H2,HIGH,ML,M,,,1,5,177,164,,,,0,,
18,H2,HIGH,ML,M,,,1,5,255,27,,,,2,,
19,H2,HIGH,ML,M,,,2,5,198,4,,,,0,,
20,H2,HIGH,ML,M,,,3,5,214,0,,,,1,,
22,H2,HIGH,ML,M,,,2,5,275,1,,,,0,,
23,H2,HIGH,ML,M,,,3,5,232,17,,,,1,,
24,H2,HIGH,ML,M,,,3,5,218,8,,,,0,,
25,H2,HIGH,ML,M,,,2,4,220,21,,,,1,,
26,H2,HIGH,ML,M,,,1,5,185,61,,,,2,,
28,H2,HIGH,ML,M,,,1,4,237,24,,,,2,,
30,H2,HIGH,ML,M,,,1,4,253,0,,,,3,,
31,H2,HIGH,ML,M,,,0,4,228,45,,,,2,,
33,H2,HIGH,ML,M,,,2,5,329,16,,,,2,,
34,H2,HIGH,ML,M,,,4,4,67,30,,,Y,1,,
36,H2,HIGH,ML,M,,,3,4,165,0,,,,4,,
37,H2,HIGH,ML,M,,,9,4,165,0,,,,2,,
38,H2,HIGH,ML,M,,,6,5,165,76,,,,4,,
13,H2,HIGH,FL,M,,,1,5,239,41,,,,5,,
14,H2,HIGH,FL,M,,,2,5,277,16,,,,2,,
15,H2,HIGH,FL,M,,,2,4,165,79,,,,4,,
17,H2,HIGH,FL,M,,,1,5,155,86,,,,1,,
18,H2,HIGH,FL,M,,,1,5,300,7,,,,0,,
20,H2,HIGH,FL,M,,,1,5,225,50,,,,5,,
22,H2,HIGH,FL,M,,,0,5,187,68,,,,0,,
23,H2,HIGH,FL,M,,,1,4,157,119,,,,2,,
24,H2,HIGH,FL,M,,,1,4,222,47,,,,2,,
25,H2,HIGH,FL,M,,,1,5,162,90,,,,0,,
26,H2,HIGH,FL,M,,,2,5,150,56,,,,2,,
27,H2,HIGH,FL,M,,,0,5,160,109,,,,1,,
28,H2,HIGH,FL,M,,,0,5,263,37,,,,2,,
29,H2,HIGH,FL,M,,,0,4,64,105,,,,2,,
30,H2,HIGH,FL,M,,,2,4,156,92,,,,3,,
31,H2,HIGH,FL,M,,,4,4,132,88,,,,0,,
32,H2,HIGH,FL,M,,,0,5,213,19,,,,3,,
34,H2,HIGH,FL,M,,,0,4,208,40,,,,3,,
35,H2,HIGH,FL,M,,,3,4,81,104,,,,1,,
1,H2,HIGH,FL,F,6,6,,1,96,14,48,8,,,0,0
2,H2,HIGH,FL,F,6,6,,1,129,16,63,11,,,0,0
3,H2,HIGH,FL,F,6,6,,1,65,22,38,14,,,0,0
5,H2,HIGH,FL,F,6,6,,1,45,20,30,10,,,0,0
6,H2,HIGH,FL,F,6,6,,1,86,28,,14,,,0,0
7,H2,HIGH,FL,F,6,6,,1,68,18,35,11,,,0,0
8,H2,HIGH,FL,F,6,6,,1,80,46,47,22,,,0,0
9,H2,HIGH,FL,F,6,6,,1,95,31,42,14,,,0,0
11,H2,HIGH,FL,F,6,6,,1,56,39,33,22,,,0,0
12,H2,HIGH,FL,F,6,6,,1,82,10,37,6,,,0,0
14,H2,HIGH,FL,F,5,6,,1,48,38,32,18,,,0,0
15,H2,HIGH,FL,F,6,6,,1,64,19,29,10,,,0,0
17,H2,HIGH,FL,F,6,6,,1,41,42,22,23,,,0,0
18,H2,HIGH,FL,F,6,6,,1,94,9,57,4,,,0,0
20,H2,HIGH,FL,F,6,6,,1,86,34,47,15,,,0,0
2,H2,HIGH,ML,F,6,6,,1,120,32,,,,,0,0
3,H2,HIGH,ML,F,6,6,,1,64,21,40,12,,,0,0
7,H2,HIGH,ML,F,6,6,,1,82,24,35,12,,,0,0
8,H2,HIGH,ML,F,5,6,,1,46,15,29,10,,,0,0
9,H2,HIGH,ML,F,6,6,,1,95,20,45,10,,,0,0
10,H2,HIGH,ML,F,6,6,,1,110,19,54,10,,,0,0
13,H2,HIGH,ML,F,6,6,,1,53,20,26,10,,,0,0
14,H2,HIGH,ML,F,6,6,,1,116,27,,,,,0,0
15,H2,HIGH,ML,F,6,6,,1,69,28,38,14,,,0,0
16,H2,HIGH,ML,F,6,6,,1,76,23,35,15,,,0,0
17,H2,HIGH,ML,F,6,6,,1,52,34,22,21,,,0,0
18,H2,HIGH,ML,F,6,5,,1,74,20,44,10,,,0,0
19,H2,HIGH,ML,F,6,6,,1,71,34,40,18,,,0,0
20,H2,HIGH,ML,F,6,6,,1,78,19,39,11,,,0,0
21,H2,HIGH,ML,F,5,6,,1,38,43,17,23,,,0,0
22,H2,HIGH,ML,F,5,6,,1,90,22,45,11,,,0,0
11,H2,HIGH,ML,F,5,6,,2,94,9,45,4,,,0,0
12,H2,HIGH,ML,F,6,4,,2,45,22,22,13,,,0,0
23,H2,HIGH,ML,F,5,6,,2,73,13,38,8,,,0,0
24,H2,HIGH,ML,F,6,5,,2,64,19,35,10,,,0,0
25,H2,HIGH,ML,F,6,6,,2,98,29,46,15,,,0,0
26,H2,HIGH,ML,F,6,6,,2,102,34,48,15,,,0,1
28,H2,HIGH,ML,F,6,5,,2,35,24,23,12,,,0,0
30,H2,HIGH,ML,F,6,5,,2,61,19,32,5,,,0,0
31,H2,HIGH,ML,F,6,4,,2,98,36,56,24,,,0,0
33,H2,HIGH,ML,F,6,5,,2,103,30,43,19,,,0,0
34,H2,HIGH,ML,F,5,6,,2,108,25,53,20,,,0,0
36,H2,HIGH,ML,F,6,5,,2,65,23,30,11,,,0,0
37,H2,HIGH,ML,F,6,6,,2,92,42,51,15,,,0,0
13,H2,HIGH,FL,F,6,5,,2,115,24,63,16,,,0,0
22,H2,HIGH,FL,F,5,6,,2,55,29,29,15,,,0,0
23,H2,HIGH,FL,F,6,6,,2,106,14,53,7,,,0,0
24,H2,HIGH,FL,F,6,5,,2,101,7,57,4,,,0,0
25,H2,HIGH,FL,F,6,6,,2,86,19,42,10,,,0,0
26,H2,HIGH,FL,F,6,6,,2,67,40,32,19,,,0,0
27,H2,HIGH,FL,F,6,6,,2,115,24,63,12,,,0,0
28,H2,HIGH,FL,F,5,6,,2,138,10,77,5,,,0,0
29,H2,HIGH,FL,F,6,6,,2,103,20,45,9,,,0,0
30,H2,HIGH,FL,F,5,6,,2,64,19,29,11,,,0,0
31,H2,HIGH,FL,F,6,6,,2,119,6,54,2,,,0,0
32,H2,HIGH,FL,F,4,5,,2,113,4,58,3,,,0,0
34,H2,HIGH,FL,F,5,6,,2,75,10,41,4,,,0,0
35,H2,HIGH,FL,F,6,6,,2,131,12,71,6,,,0,0
1,H3,HIGH,ML,M,,,1,3,62,17,,,,,,
2,H3,HIGH,ML,M,,,2,3,126,66,,,,,,
3,H3,HIGH,ML,M,,,2,3,112,29,,,,,,
5,H3,HIGH,ML,M,,,1,3,117,81,,,Y,,,
7,H3,HIGH,ML,M,,,1,3,162,20,,,,,,
8,H3,HIGH,ML,M,,,0,3,156,35,,,,,,
9,H3,HIGH,ML,M,,,0,3,143,58,,,,,,
10,H3,HIGH,ML,M,,,4,3,141,21,,,,,,
12,H3,HIGH,ML,M,,,1,3,120,67,,,,,,
13,H3,HIGH,ML,M,,,5,3,128,30,,,,,,
1,H3,HIGH,FL,M,,,0,3,146,86,,,,,,
2,H3,HIGH,FL,M,,,1,3,45,129,,,,,,
3,H3,HIGH,FL,M,,,0,3,139,33,,,,,,
4,H3,HIGH,FL,M,,,2,3,101,119,,,,,,
5,H3,HIGH,FL,M,,,2,3,73,80,,,,,,
6,H3,HIGH,FL,M,,,2,3,92,118,,,,,,
7,H3,HIGH,FL,M,,,5,3,98,31,,,,,,
9,H3,HIGH,FL,M,,,1,3,106,69,,,,,,
10,H3,HIGH,FL,M,,,0,3,132,88,,,,,,
11,H3,HIGH,FL,M,,,1,3,144,23,,,S,,,
14,H3,HIGH,ML,M,,,2,4,224,20,,,,3,,
15,H3,HIGH,ML,M,,,0,4,323,10,,,,3,,
16,H3,HIGH,ML,M,,,2,4,216,2,,,,0,,
17,H3,HIGH,ML,M,,,1,4,140,65,,,,1,,
19,H3,HIGH,ML,M,,,1,4,264,3,,,,3,,
22,H3,HIGH,ML,M,,,7,4,116,17,,,,2,,
23,H3,HIGH,ML,M,,,2,4,286,4,,,,2,,
24,H3,HIGH,ML,M,,,2,4,286,4,,,,1,,
25,H3,HIGH,ML,M,,,4,4,195,37,,,,1,,
26,H3,HIGH,ML,M,,,1,4,304,1,,,,3,,
27,H3,HIGH,ML,M,,,2,4,229,27,,,,2,,
28,H3,HIGH,ML,M,,,0,4,293,1,,,,2,,
29,H3,HIGH,ML,M,,,3,4,142,27,,,,3,,
30,H3,HIGH,ML,M,,,3,4,152,6,,,,2,,
31,H3,HIGH,ML,M,,,5,4,191,0,,,,5,,
32,H3,HIGH,ML,M,,,2,4,232,0,,,,2,,
33,H3,HIGH,ML,M,,,1,4,193,35,,,,2,,
34,H3,HIGH,ML,M,,,1,4,221,45,,,,1,,
35,H3,HIGH,ML,M,,,2,4,204,24,,,,1,,
36,H3,HIGH,ML,M,,,3,4,153,37,,,,2,,
37,H3,HIGH,ML,M,,,1,4,202,40,,,,1,,
40,H3,HIGH,ML,M,,,3,4,174,13,,,,0,,
14,H3,HIGH,FL,M,,,2,4,294,95,,,,3,,
15,H3,HIGH,FL,M,,,2,4,266,54,,,,2,,
16,H3,HIGH,FL,M,,,2,4,232,18,,,,4,,
16.5,H3,HIGH,FL,M,,,0,4,252,19,,,,1,,
21,H3,HIGH,FL,M,,,0,4,241,54,,,,4,,
22,H3,HIGH,FL,M,,,2,4,231,48,,,,2,,
23,H3,HIGH,FL,M,,,0,4,268,21,,,,5,,
24,H3,HIGH,FL,M,,,0,4,224,65,,,,2,,
25,H3,HIGH,FL,M,,,0,4,269,24,,,,3,,
26,H3,HIGH,FL,M,,,0,4,279,18,,,,2,,
27,H3,HIGH,FL,M,,,0,4,249,47,,,,2,,
28,H3,HIGH,FL,M,,,3,4,203,12,,,,1,,
29,H3,HIGH,FL,M,,,1,4,254,23,,,,2,,
32,H3,HIGH,FL,M,,,0,4,152,98,,,,0,,
33,H3,HIGH,FL,M,,,2,4,259,13,,,,3,,
35,H3,HIGH,FL,M,,,1,4,189,107,,,,1,,
39,H3,HIGH,FL,M,,,2,4,152,61,,,,4,,
40,H3,HIGH,FL,M,,,2,4,259,13,,,,1,,
1,H3,HIGH,ML,F,6,6,,1,75,21,,,,,0,0
2,H3,HIGH,ML,F,6,6,,1,73,48,42,29,,,0,0
3,H3,HIGH,ML,F,6,6,,1,75,34,40,18,,,0,0
5,H3,HIGH,ML,F,6,6,,1,59,46,26,23,,,0,0
7,H3,HIGH,ML,F,5,6,,1,71,15,40,7,,,0,0
8,H3,HIGH,ML,F,5,6,,1,73,22,31,11,,,0,0
9,H3,HIGH,ML,F,6,6,,1,83,15,37,7,,,0,0
10,H3,HIGH,ML,F,6,6,,1,56,23,23,10,,,0,0
12,H3,HIGH,ML,F,6,5,,1,55,21,25,9,,,0,0
13,H3,HIGH,ML,F,5,6,,1,54,12,28,7,,,0,0
14,H3,HIGH,ML,F,6,5,,1,80,38,37,18,,,0,0
15,H3,HIGH,ML,F,6,6,,1,44,15,18,7,,,0,0
16,H3,HIGH,ML,F,6,6,,1,81,38,35,18,,,0,0
17,H3,HIGH,ML,F,6,5,,1,79,28,,,,,0,0
19,H3,HIGH,ML,F,6,6,,1,43,32,19,17,,,0,0
21,H3,HIGH,ML,F,6,5,,1,82,31,44,18,,,0,0
23,H3,HIGH,ML,F,6,6,,1,67,15,37,8,,,0,0
1,H3,HIGH,FL,F,5,5,,1,53,43,24,21,,,0,0
2,H3,HIGH,FL,F,6,6,,1,60,33,27,15,,,0,0
3,H3,HIGH,FL,F,6,6,,1,93,31,52,18,,,0,0
4,H3,HIGH,FL,F,6,6,,1,63,27,37,7,,,0,0
5,H3,HIGH,FL,F,6,6,,1,63,10,38,4,,,0,0
6,H3,HIGH,FL,F,6,6,,1,81,26,46,12,,,0,0
7,H3,HIGH,FL,F,6,6,,1,66,20,43,14,,,1,0
9,H3,HIGH,FL,F,6,6,,1,65,17,32,10,,,0,0
10,H3,HIGH,FL,F,6,6,,1,97,10,50,4,,,0,0
11,H3,HIGH,FL,F,6,5,,1,82,15,39,6,,,0,0
14,H3,HIGH,FL,F,6,6,,1,43,24,25,10,,,0,0
15,H3,HIGH,FL,F,6,6,,1,89,31,42,14,,,0,0
16,H3,HIGH,FL,F,6,4,,1,106,20,56,9,,,0,0
16.5,H3,HIGH,FL,F,6,6,,1,82,17,40,8,,,0,0
38,H3,HIGH,ML,F,6,6,,2,51,32,30,18,,,0,0
22,H3,HIGH,ML,F,6,6,,2,124,14,77,11,,,0,0
24,H3,HIGH,ML,F,6,6,,2,131,30,58,17,,,0,0
25,H3,HIGH,ML,F,6,5,,2,125,26,59,12,,,0,0
26,H3,HIGH,ML,F,6,6,,2,89,10,49,6,,,0,0
27,H3,HIGH,ML,F,6,6,,2,124,17,59,5,,,0,0
28,H3,HIGH,ML,F,6,4,,2,73,28,36,7,,,0,0
29,H3,HIGH,ML,F,6,6,,2,97,23,51,15,,,0,0
30,H3,HIGH,ML,F,6,5,,2,49,32,24,15,,,0,0
31,H3,HIGH,ML,F,6,5,,2,119,10,55,5,,,0,0
32,H3,HIGH,ML,F,6,6,,2,89,43,38,21,,,0,0
33,H3,HIGH,ML,F,6,5,,2,71,58,44,32,,,0,0
34,H3,HIGH,ML,F,6,6,,2,95,48,53,11,,,0,0
35,H3,HIGH,ML,F,6,6,,2,85,23,40,19,,,0,0
36,H3,HIGH,ML,F,6,6,,2,54,40,26,22,,,0,0
37,H3,HIGH,ML,F,6,6,,2,98,31,50,13,,,0,0
40,H3,HIGH,ML,F,5,5,,2,30,24,15,13,,,0,0
21,H3,HIGH,FL,F,6,5,,2,98,11,46,5,,,0,0
22,H3,HIGH,FL,F,5,6,,2,104,8,48,4,,,0,0
23,H3,HIGH,FL,F,6,6,,2,104,11,61,3,,,0,0
24,H3,HIGH,FL,F,6,6,,2,123,15,57,7,,,0,0
25,H3,HIGH,FL,F,6,6,,2,81,26,45,12,,,0,0
26,H3,HIGH,FL,F,6,6,,2,146,15,74,7,,,0,0
27,H3,HIGH,FL,F,6,6,,2,84,4,41,2,,,0,0
28,H3,HIGH,FL,F,6,6,,2,57,18,30,10,,,0,0
29,H3,HIGH,FL,F,6,6,,2,125,16,67,6,,,0,0
32,H3,HIGH,FL,F,6,6,,2,115,28,49,14,,,0,0
33,H3,HIGH,FL,F,5,6,,2,72,20,36,,,,0,0
35,H3,HIGH,FL,F,6,6,,2,148,4,71,2,,,0,0
39,H3,HIGH,FL,F,6,6,,2,131,13,67,3,,,0,0
40,H3,HIGH,FL,F,6,6,,2,76,17,36,10,,,0,0
